{
    "contacts": [
        {
            "contact_phones": [
                {
                    "phone_number": "34555655555",
                    "types": [""]
                }
            ],
            "first_name": "",
            "last_name": "",
            "email": "",
            "contact_id": "f217d05b-f9a0-42d2-b168-9a4e70c9203b"
        }, 
        
        {
            "contact_phones": [
                {
                    "phone_number": "34555655555",
                    "types": [""]
                }
            ],
            "first_name": "",
            "last_name": "",
            "email": "",
            "contact_id": "f217d05b-f9a0-42d2-b168-9a4e70c9203b"
        },
        
        {
            "contact_phones": [
                {
                    "phone_number": "34555655555",
                    "types": [""]
                }
            ],
            "first_name": "",
            "last_name": "",
            "email": "",
            "contact_id": "f217d05b-f9a0-42d2-b168-9a4e70c9203b"
        },
    ]
}