{
  "replies":[
    {
      "who":"them",
      "timestamp":1347177822153,
      "msg":"What makes you say that?"
    },
    {
      "who":"them",
      "timestamp":1347177822153,
      "msg":"I don't understand."
    },
    {
      "who":"them",
      "timestamp":1347177822153,
      "msg":"I'm not entirely sure what you mean."
    },
    {
      "who":"them",
      "timestamp":1347177822153,
      "msg":"But I would need to be human to do that."
    },
    {
      "who":"them",
      "timestamp":1347177822153,
      "msg":"Maybe one day."
    },
    {
      "who":"them",
      "timestamp":1347177822153,
      "msg":"OK"
    },
    {
      "who":"them",
      "timestamp":1347177822153,
      "msg":"NO WAY!"
    }
    ,
    {
      "who":"them",
      "timestamp":1347177822153,
      "msg":"definitely"
    },
    {
      "who":"them",
      "timestamp":1347177822153,
      "msg":"of course not"
    }
  ]
}